task_id,dataset_name,target_name,n_samples,n_features,missing_data,categorical_features,R2_PySRRegressor,R2_RandomForestRegressor,R2_XGBRegressor,MSE_PySRRegressor,MSE_RandomForestRegressor,MSE_XGBRegressor,RMSE_PySRRegressor,RMSE_RandomForestRegressor,RMSE_XGBRegressor
361234,abalone,rings,"4,177",8,0,1,0.59 +/- 0.02,0.55 +/- 0.02,0.46 +/- 0.03,0.40 +/- 0.04,0.45 +/- 0.04,0.54 +/- 0.04,0.64 +/- 0.03,0.67 +/- 0.03,0.73 +/- 0.03
361235,airfoil_self_noise,sound_pressure,"1,503",5,0,0,0.88 +/- 0.04,0.94 +/- 0.01,0.96 +/- 0.01,0.12 +/- 0.04,0.06 +/- 0.01,0.04 +/- 0.01,0.34 +/- 0.05,0.24 +/- 0.02,0.20 +/- 0.03
361236,auction_verification,verification.time,"2,043",7,0,2,0.93 +/- 0.12,0.99 +/- 0.00,1.00 +/- 0.00,0.07 +/- 0.12,0.01 +/- 0.00,0.00 +/- 0.00,0.23 +/- 0.15,0.07 +/- 0.01,0.03 +/- 0.00
361237,concrete_compressive_strength,strength,"1,030",8,0,0,0.89 +/- 0.03,0.91 +/- 0.03,0.94 +/- 0.02,0.11 +/- 0.02,0.08 +/- 0.02,0.06 +/- 0.02,0.33 +/- 0.03,0.29 +/- 0.04,0.25 +/- 0.04
361241,physiochemical_protein,RMSD,"45,730",9,0,0,0.41 +/- 0.02,0.68 +/- 0.00,0.65 +/- 0.00,0.59 +/- 0.02,0.32 +/- 0.01,0.35 +/- 0.01,0.77 +/- 0.02,0.56 +/- 0.01,0.59 +/- 0.01
361242,superconductivity,critical_temp,"21,263",81,0,0,0.80 +/- 0.02,0.93 +/- 0.01,0.92 +/- 0.01,0.20 +/- 0.01,0.07 +/- 0.01,0.08 +/- 0.01,0.45 +/- 0.01,0.27 +/- 0.01,0.28 +/- 0.01
361243,geographical_origin_of_music,latitude,"1,059",116,0,0,0.25 +/- 0.05,0.27 +/- 0.06,0.23 +/- 0.11,0.75 +/- 0.13,0.73 +/- 0.16,0.76 +/- 0.16,0.86 +/- 0.07,0.85 +/- 0.09,0.87 +/- 0.09
361244,solar_flare,c_class_flares,"1,066",10,0,8,0.18 +/- 0.04,-0.17 +/- 0.20,-0.41 +/- 0.37,0.83 +/- 0.35,1.14 +/- 0.37,1.32 +/- 0.37,0.89 +/- 0.18,1.05 +/- 0.17,1.14 +/- 0.15
361247,naval_propulsion_plant,gt_compressor_decay_state_coefficient,"11,934",14,0,0,1.00 +/- 0.00,1.00 +/- 0.00,1.00 +/- 0.00,0.00 +/- 0.00,0.00 +/- 0.00,0.00 +/- 0.00,0.05 +/- 0.02,0.06 +/- 0.01,0.06 +/- 0.00
361249,white_wine,quality,"4,898",11,0,0,0.36 +/- 0.04,0.55 +/- 0.04,0.50 +/- 0.04,0.64 +/- 0.04,0.45 +/- 0.04,0.50 +/- 0.05,0.80 +/- 0.02,0.67 +/- 0.03,0.70 +/- 0.04
361250,red_wine,quality,"1,599",11,0,0,0.41 +/- 0.03,0.51 +/- 0.06,0.46 +/- 0.07,0.59 +/- 0.06,0.48 +/- 0.08,0.54 +/- 0.09,0.77 +/- 0.04,0.69 +/- 0.06,0.73 +/- 0.06
361251,grid_stability,stab,"10,000",12,0,0,0.93 +/- 0.01,0.90 +/- 0.01,0.94 +/- 0.00,0.07 +/- 0.01,0.10 +/- 0.00,0.06 +/- 0.00,0.27 +/- 0.02,0.31 +/- 0.01,0.25 +/- 0.01
361252,video_transcoding,utime,"68,784",18,0,2,0.95 +/- 0.01,0.99 +/- 0.00,1.00 +/- 0.00,0.05 +/- 0.01,0.01 +/- 0.00,0.00 +/- 0.00,0.23 +/- 0.02,0.08 +/- 0.01,0.07 +/- 0.01
361253,wave_energy,energy_total,"72,000",48,0,0,1.00 +/- 0.00,0.84 +/- 0.00,0.97 +/- 0.00,0.00 +/- 0.00,0.16 +/- 0.00,0.03 +/- 0.00,0.00 +/- 0.00,0.40 +/- 0.00,0.17 +/- 0.00
361254,sarcos,V22,"48,933",21,0,0,0.95 +/- 0.00,0.98 +/- 0.00,0.98 +/- 0.00,0.05 +/- 0.00,0.02 +/- 0.00,0.02 +/- 0.00,0.21 +/- 0.01,0.14 +/- 0.00,0.13 +/- 0.00
361255,california_housing,medianHouseValue,"20,640",8,0,0,0.77 +/- 0.02,0.82 +/- 0.01,0.83 +/- 0.02,0.23 +/- 0.02,0.18 +/- 0.01,0.17 +/- 0.01,0.48 +/- 0.02,0.42 +/- 0.02,0.41 +/- 0.02
361256,cpu_activity,usr,"8,192",21,0,0,0.98 +/- 0.00,0.98 +/- 0.01,0.98 +/- 0.00,0.02 +/- 0.00,0.02 +/- 0.00,0.02 +/- 0.00,0.13 +/- 0.01,0.13 +/- 0.01,0.12 +/- 0.00
361257,diamonds,price,"53,940",9,0,3,0.98 +/- 0.00,0.98 +/- 0.00,0.98 +/- 0.00,0.02 +/- 0.00,0.02 +/- 0.00,0.02 +/- 0.00,0.15 +/- 0.01,0.13 +/- 0.00,0.14 +/- 0.01
361258,kin8nm,y,"8,192",8,0,0,0.87 +/- 0.02,0.72 +/- 0.01,0.80 +/- 0.02,0.12 +/- 0.02,0.27 +/- 0.01,0.20 +/- 0.01,0.35 +/- 0.02,0.52 +/- 0.01,0.45 +/- 0.01
361259,pumadyn32nh,thetadd6,"8,192",32,0,0,0.68 +/- 0.01,0.64 +/- 0.02,0.58 +/- 0.02,0.32 +/- 0.02,0.36 +/- 0.03,0.42 +/- 0.03,0.57 +/- 0.02,0.60 +/- 0.02,0.65 +/- 0.02
361260,miami_housing,SALE_PRC,"13,932",15,0,0,0.89 +/- 0.01,0.91 +/- 0.01,0.92 +/- 0.01,0.11 +/- 0.01,0.09 +/- 0.01,0.08 +/- 0.01,0.33 +/- 0.01,0.29 +/- 0.01,0.29 +/- 0.02
361261,cps88wages,wage,"28,155",6,0,4,0.29 +/- 0.04,0.19 +/- 0.04,0.17 +/- 0.03,0.72 +/- 0.18,0.82 +/- 0.20,0.83 +/- 0.19,0.84 +/- 0.10,0.90 +/- 0.10,0.91 +/- 0.10
361264,socmob,counts_for_sons_current_occupation,"1,156",5,0,4,0.93 +/- 0.03,0.74 +/- 0.22,0.80 +/- 0.27,0.07 +/- 0.04,0.24 +/- 0.17,0.18 +/- 0.20,0.25 +/- 0.08,0.46 +/- 0.16,0.38 +/- 0.19
361266,kings_county,price,"21,613",21,0,4,0.88 +/- 0.02,0.88 +/- 0.04,0.87 +/- 0.05,0.12 +/- 0.01,0.12 +/- 0.03,0.12 +/- 0.03,0.34 +/- 0.02,0.34 +/- 0.04,0.35 +/- 0.05
361267,brazilian_houses,total,"10,692",9,0,4,0.74 +/- 0.24,0.64 +/- 0.23,0.45 +/- 0.40,0.05 +/- 0.09,0.21 +/- 0.30,0.11 +/- 0.11,0.19 +/- 0.13,0.35 +/- 0.29,0.30 +/- 0.15
361268,fps_benchmark,FPS,"24,624",39,"69,696",13,0.92 +/- 0.13,1.00 +/- 0.00,1.00 +/- 0.00,0.08 +/- 0.14,0.00 +/- 0.00,0.00 +/- 0.00,0.23 +/- 0.17,0.05 +/- 0.00,0.02 +/- 0.00
361269,health_insurance,whrswk,"22,272",11,0,7,0.40 +/- 0.01,0.32 +/- 0.02,0.22 +/- 0.02,0.60 +/- 0.02,0.68 +/- 0.02,0.78 +/- 0.03,0.77 +/- 0.01,0.82 +/- 0.01,0.88 +/- 0.02
361272,fifa,wage_eur,"19,178",28,0,1,0.78 +/- 0.03,0.77 +/- 0.03,0.75 +/- 0.03,0.21 +/- 0.03,0.22 +/- 0.04,0.25 +/- 0.04,0.46 +/- 0.04,0.47 +/- 0.04,0.49 +/- 0.04
361616,Moneyball,RS,"1,232",10,"3,600",4,0.95 +/- 0.00,0.93 +/- 0.01,0.93 +/- 0.01,0.05 +/- 0.00,0.07 +/- 0.01,0.07 +/- 0.00,0.22 +/- 0.01,0.27 +/- 0.01,0.27 +/- 0.01
361617,energy_efficiency,heating_load,768,8,0,0,1.00 +/- 0.00,1.00 +/- 0.00,1.00 +/- 0.00,0.00 +/- 0.00,0.00 +/- 0.00,0.00 +/- 0.00,0.04 +/- 0.00,0.04 +/- 0.01,0.03 +/- 0.01
361618,forest_fires,area,517,12,0,2,-0.03 +/- 0.10,-2.46 +/- 3.00,-11.00 +/- 16.45,1.47 +/- 3.01,1.82 +/- 3.48,2.60 +/- 3.41,0.81 +/- 0.91,1.00 +/- 0.90,1.35 +/- 0.89
361619,student_performance_por,G3,649,30,0,17,0.30 +/- 0.14,0.26 +/- 0.17,0.17 +/- 0.19,0.67 +/- 0.22,0.73 +/- 0.28,0.83 +/- 0.35,0.81 +/- 0.13,0.84 +/- 0.17,0.89 +/- 0.19
361621,QSAR_fish_toxicity,LC50,908,6,0,0,0.65 +/- 0.06,0.62 +/- 0.06,0.58 +/- 0.07,0.34 +/- 0.05,0.37 +/- 0.06,0.41 +/- 0.06,0.58 +/- 0.04,0.61 +/- 0.05,0.64 +/- 0.05
